{
  "total_samples": 70000,
  "train_samples": 49000,
  "val_samples": 10500,
  "test_samples": 10500,
  "class_distribution": {
    "negative": 30000,
    "positive": 30000,
    "neutral": 10000
  },
  "avg_text_length": 391.5288142857143,
  "avg_word_count": 74.21372857142858,
  "duplicates": 10260,
  "missing_values": 0
}